<!DOCTYPE mapper
    PUBLIC "-//mybatis.org//DTD Mapper 3.0//EN"
    "https://mybatis.org/dtd/mybatis-3-mapper.dtd">

<mapper namespace="com.lgy.ShoFriend.dao.RegiDAO">

<!-- 판매자 점포 리스트, 화면, 수정, 삭제 -->
    <select id="list" resultType="com.lgy.ShoFriend.dto.StoreDTO">
        select id, seller_id, name, description, address, created_at from store
        
    </select>
    
    <select id="contentView" resultType="com.lgy.ShoFriend.dto.StoreDTO">
        select id, seller_id, name, description, address, created_at from store
         where id=#{id}
    </select>

    <update id="store_modify">
    	update store set name=#{name}, description=#{description}, address=#{address} where id=#{id}
    </update>

    <update id="store_delete">
    	delete from store where id=#{id}
    </update>
    
 

<!-- 	일반회원 가입 인서트 -->
    <insert id="write">

    	insert into customer(name, email, password, phone, address, zipcode, address1, address2) values(#{name},#{email},#{password},#{phone},#{address},#{zipcode},#{address1},#{address2})
    </insert>
    
<!-- 	판매자 가입 인서트 -->
     <insert id="sell_write">

    	insert into seller(name, email, password, phone) values(#{name},#{email},#{password},#{phone})
    </insert>
    
    <!-- 	점포 등록 인서트 -->
     <insert id="store_write">

    	insert into store(name, description, address) values(#{name},#{description},#{address})
    </insert>


  
    
</mapper>